
{

	"src": "01.jpg",
	"title": "串亭烧烤居酒屋",
	"description": "串亭户外套餐A，建议4-6人使用",
	"sales": 44,
	"price": 405,
	"originPrice": 468,
	"evaluate": 4.5,
	"storeName": "串亭烧烤居酒屋（五道口店）",
	"storeAddress": "海淀区成府路35号华清嘉园12号楼底商（华清嘉园东门向北30米）",
	"storeNum": 6,
	"id": "1",
	"validateTime": "2016.4.27 至 2016.10.26（周末、法定节假日通用）",
	"useTime": "10:00-24:00,请您提前48小时预约，预约电话：010-8424-3309。（仅限东直门店自取）",
	"rules": [
		"提前48小时预约，电话：010-8424-3309",
		"每张美团券建议4至6人使用",
		"店内无包间",
		"仅限餐前外带，提供免费打包服务",
		"亲爱的顾客，为了让您有更好的户外烧烤体验，请仔细阅读以下须知：一、我们将免费为您提供户外烧烤用具（需付押金）、烧烤酱料及餐巾抽纸。二、客户自愿交付 200 元押金（含不锈钢烧烤炉及不锈钢夹子各一套），归还上述所使用工具时退还全部押金。三、如需串亭专业烤师为您主理烤制，烤师费用标准为 200 元/日/次/人，烤师的食宿与交通由客户提供安排。四、客户购买食品和需返还的烧烤用具数量请在店内（仅限东直门店）进行确认。五、请您按需购买食品及辅助材料，以避免浪费。六、请您提前48小时预约，预约电话：010-8424-3309。团购用户不可同时享受商家其他优惠酒水饮料等问题，请致电商家咨询，以商家反馈为准如部分菜品因时令或其他不可抗因素导致无法提供，店内会用等价菜品替换，具体事宜请与店内协商",
		"停车位收费标准：详情咨询商家"
	]

}
